{
  "Generic": {
    "ignoredKeys": {
      "keys": ""
    },
    "openGuiConfigs": {
      "keys": "A,C"
    },
    "actionbarHudTicks": 60,
    "inGameMessageTimeout": 5.0,
    "enableConfigSwitcher": {
      "enabled": true,
      "hotkey": {
        "keys": ""
      }
    },
    "renderTransparencyFix": {
      "enabled": true,
      "hotkey": {
        "keys": ""
      }
    },
    "realmsCommonConfig": true
  },
  "Debug": {
    "debugMessages": false,
    "configElementDebug": false,
    "inputCancellationDebugging": false,
    "keybindDebugging": false,
    "keybindDebuggingIngame": false,
    "mouseScrollDebug": false,
    "printTranslationKeys": false
  }
}