{
  "dynamicShading": true,
  "rebuildSeconds": 20,
  "modstate": true,
  "hudrender": false,
  "useOldLightingEngine": false,
  "disableToasts": true,
  "fogSettings": {
    "persistFogSettings": false,
    "disableAirFog": false,
    "disableWaterFog": false,
    "disableLavaFog": false,
    "disablePowderedSnowFog": false,
    "disableThickFog": false,
    "disableSkyFog": false
  },
  "destructiveSettings": {
    "destructiveweatheroptimizations": false,
    "DestroyWeather": false,
    "RenderLayerSkips": false,
    "DestroyScreens": false
  }
}