{
  "selections": {
    "mode": "SIMPLE"
  },
  "placements": {
    "placements": [
      {
        "schematic": "C:\\Users\\jonag\\AppData\\Roaming\\ModrinthApp\\profiles\\FPS++ (1)\\schematics\\easy_iron_farm-from-abfielder.schem",
        "name": "easy_iron_farm-from-abfielder (Converted Sponge)",
        "origin": [
          146,
          70,
          247
        ],
        "rotation": "NONE",
        "mirror": "NONE",
        "ignore_entities": false,
        "enabled": false,
        "enable_render": true,
        "render_enclosing_box": false,
        "locked": false,
        "locked_coords": 0,
        "bb_color": 16757504,
        "verifier_type": "all",
        "placements": [
          {
            "name": "easy_iron_farm-from-abfielder (Converted Sponge)",
            "placement": {
              "pos": [
                0,
                0,
                0
              ],
              "name": "easy_iron_farm-from-abfielder (Converted Sponge)",
              "rotation": "NONE",
              "mirror": "NONE",
              "locked_coords": 0,
              "enabled": true,
              "rendering_enabled": true,
              "ignore_entities": false
            }
          }
        ]
      }
    ],
    "selected": 0,
    "origin_selected": true
  },
  "schematic_projects_manager": {},
  "operation_mode": "SCHEMATIC_PLACEMENT",
  "render_range": {
    "mode": "ALL_ABOVE",
    "axis": "Y",
    "layer_single": 88,
    "layer_above": 0,
    "layer_below": 0,
    "layer_range_min": 72,
    "layer_range_max": 86,
    "hotkey_range_min": false,
    "hotkey_range_max": false
  },
  "area_simple": {
    "name": "Unnamed",
    "current": "Unnamed",
    "boxes": [
      {
        "pos1": [
          -813,
          69,
          1984
        ],
        "pos2": [
          -813,
          69,
          1984
        ],
        "name": "Unnamed"
      }
    ]
  },
  "tool_mode_data": {
    "delete": {
      "use_placement": false
    }
  },
  "block_entities": {}
}